"Address","Content Type","Status Code","Status","Indexability","Indexability Status","Title 1","Title 1 Length","Title 1 Pixel Width","Meta Description 1","Meta Description 1 Length","Meta Description 1 Pixel Width","Meta Keywords 1","Meta Keywords 1 Length","H1-1","H1-1 Length","H2-1","H2-1 Length","H2-2","H2-2 Length","Meta Robots 1","X-Robots-Tag 1","Meta Refresh 1","Canonical Link Element 1","rel=""next"" 1","rel=""prev"" 1","HTTP rel=""next"" 1","HTTP rel=""prev"" 1","amphtml Link Element","Size (bytes)","Word Count","Text Ratio","Crawl Depth","Link Score","Inlinks","Unique Inlinks","Unique JS Inlinks","% of Total","Outlinks","Unique Outlinks","Unique JS Outlinks","External Outlinks","Unique External Outlinks","Unique External JS Outlinks","Closest Similarity Match","No. Near Duplicates","Spelling Errors","Grammar Errors","Hash","Response Time","Last Modified","Redirect URL","Redirect Type","Cookies","HTTP Version","URL Encoded Address","Crawl Timestamp"
"https://www.sunrisehouse.com/addiction-treatment-new-jersey/levels-of-care","text/html","301","Moved Permanently","Non-Indexable","Redirected","","0","0","","0","0","","0","","0","","0","","0","","","","","","","","","","0","0","0.000","0","","1","1","0","1.200","0","0","0","0","0","0","","","","","","0.265","","https://sunrisehouse.com/addiction-treatment-new-jersey/levels-of-care","HTTP Redirect","","1.1","https://www.sunrisehouse.com/addiction-treatment-new-jersey/levels-of-care","2022-09-04 07:21:15"
"https://sunrisehouse.com/xanax/withdrawal/","text/html; charset=utf-8","200","OK","Indexable","","How Long Does Xanax Withdrawal Last? | Sunrise House","52","503","Xanax withdrawal can be uncomfortable & even lead life-threatening symptoms. Learn more about how long withdrawals lasts, physical dependence","141","917","","0","How Long Does Xanax Withdrawal Last?","36","What is Xanax?","14","Xanax Withdrawal Occurs After Physical Dependence","49","index, follow, max-snippet:-1, max-image-preview:large, max-video-preview:-1","","","https://sunrisehouse.com/xanax/withdrawal/","","","","","","370223","1779","4.682","0","","9","6","0","7.230","224","76","0","24","17","0","","","","","a6405280070f6668be4c97f68e0fcdf6","0.376","","","","","1.1","https://sunrisehouse.com/xanax/withdrawal/","2022-09-04 07:21:15"
"https://sunrisehouse.com/xanax/signs-of-abuse/","text/html; charset=utf-8","200","OK","Indexable","","What are the Signs of Xanax Abuse? | Sunrise House","50","467","No formal diagnostic signs of a substance use disorder as a result of Xanax abuse that can differentiate abuse of Xanax from other benzodiazepines.","147","921","","0","What are the Signs of Xanax Abuse?","34","Abuse of Xanax","14","Signs of Xanax Abuse","20","index, follow, max-snippet:-1, max-image-preview:large, max-video-preview:-1","","","https://sunrisehouse.com/xanax/signs-of-abuse/","","","","","","371591","2076","5.153","0","","8","6","0","7.230","231","78","0","22","15","0","","","","","6e75a5de6c7856690297d2138db561f1","0.744","","","","","1.1","https://sunrisehouse.com/xanax/signs-of-abuse/","2022-09-04 07:21:15"
"https://sunrisehouse.com/xanax/dangers-of-snorting/","text/html; charset=utf-8","200","OK","Indexable","","Dangers of Snorting Xanax | Sunrise House","41","382","Snorting Xanax is extremely dangerous & can cause some deadly complications. It is also a positive sign of addiction.","117","721","","0","Dangers of Snorting Xanax","25","What is Xanax (Alprazolam)?","27","Xanax Abuse Signs and Symptoms","30","index, follow, max-snippet:-1, max-image-preview:large, max-video-preview:-1","","","https://sunrisehouse.com/xanax/dangers-of-snorting/","","","","","","362540","1227","3.788","0","","7","6","0","7.230","225","76","0","22","15","0","","","","","1c4658e474cf56a961e6f648e8b3ea1c","0.741","","","","","1.1","https://sunrisehouse.com/xanax/dangers-of-snorting/","2022-09-04 07:21:15"
"https://sunrisehouse.com/xanax/","text/html; charset=utf-8","200","OK","Indexable","","Xanax Drug Guide | Sunrise House","32","304","Xanax is a potent benzodiazepine with an intermediate onset of action & a relatively brief half-life.","101","599","","0","Xanax Drug Guide","16","What Is Xanax","13","Xanax Abuse","11","index, follow, max-snippet:-1, max-image-preview:large, max-video-preview:-1","","","https://sunrisehouse.com/xanax/","","","","","","361583","2479","6.157","0","","257","83","0","100.000","228","76","0","26","19","0","","","","","79c7ca99d7f4705c7b5a3c923b005fa1","0.604","","","","","1.1","https://sunrisehouse.com/xanax/","2022-09-04 07:21:16"
"https://sunrisehouse.com/xanax/overdose/","text/html; charset=utf-8","200","OK","Indexable","","Can You Overdose on Xanax? | Sunrise House","42","405","If you are asking yourself if you can overdose on Xanax, you can. Learn more about why Xanax leads to overdose, effects, methods of abuse","137","864","","0","Can You Overdose on Xanax?","26","What is Xanax?","14","Xanax Misuse and Abuse","22","index, follow, max-snippet:-1, max-image-preview:large, max-video-preview:-1","","","https://sunrisehouse.com/xanax/overdose/","","","","","","385041","2599","5.908","0","","8","6","0","7.230","228","77","0","39","32","0","","","","","72c89aa518349190219a6e2a5c94c48f","0.937","","","","","1.1","https://sunrisehouse.com/xanax/overdose/","2022-09-04 07:21:15"
"https://sunrisehouse.com/veterans-mission-act/","text/html; charset=utf-8","200","OK","Indexable","","VA Benefits & Addiction Treatment for Veterans | Sunrise House","62","571","Learn how you can use VA insurance coverage for dur or alcohol addiction treatment at Sunrise House Treatment Center.","117","747","","0","VA Insurance & The Mission Act for Substance Abuse Treatment","60","What is the MISSION Act?","24","Do VA Benefits Cover Addiction Treatment and Rehab?","51","index, follow, max-snippet:-1, max-image-preview:large, max-video-preview:-1","","","https://sunrisehouse.com/veterans-mission-act/","","","","","","271164","1248","5.068","0","","251","83","0","100.000","194","62","0","16","11","0","","","","","cc7be45c045ce366f310dec1cf605c45","0.574","","","","","1.1","https://sunrisehouse.com/veterans-mission-act/","2022-09-04 07:21:16"
"https://sunrisehouse.com/treat-co-occurring-disorders/","text/html","301","Moved Permanently","Non-Indexable","Redirected","","0","0","","0","0","","0","","0","","0","","0","","","","","","","","","","0","0","0.000","0","","3","3","0","3.610","0","0","0","0","0","0","","","","","","0.143","","https://sunrisehouse.com/co-occurring-disorders/","HTTP Redirect","","1.1","https://sunrisehouse.com/treat-co-occurring-disorders/","2022-09-04 07:21:17"
"https://sunrisehouse.com/terms-of-use/","text/html; charset=utf-8","200","OK","Indexable","","Terms of Use | Sunrise House","28","264","The terms of use for Sunrise House: a treatment facility ran by American Addiction Center. Click for information on the terms of use at the Sunrise House.","154","939","","0","Terms of Use","12","","0","","0","index, follow, max-snippet:-1, max-image-preview:large, max-video-preview:-1","","","https://sunrisehouse.com/terms-of-use/","","","","","","309607","5490","12.861","0","","250","83","0","100.000","196","66","0","15","10","0","","","","","3b22d74c244b87dac6f3b3f254ad972","0.296","","","","","1.1","https://sunrisehouse.com/terms-of-use/","2022-09-04 07:21:17"
"https://sunrisehouse.com/quit-abusing-marijuana/","text/html; charset=utf-8","200","OK","Indexable","","How to Quit Abusing Marijuana | Sunrise House","45","420","Click to learn about how to quit abusing marijuana. Use these 4 simple steps if you or a loved one is struggling with marijuana abuse and want to stop.","151","924","","0","How to Quit Abusing Marijuana","29","Step 1: Understand the objective.","33","Step 2: Recognize when help is needed.","38","index, follow, max-snippet:-1, max-image-preview:large, max-video-preview:-1","","","https://sunrisehouse.com/quit-abusing-marijuana/","","","","","","346281","1703","4.699","0","","253","83","0","100.000","230","78","0","24","17","0","","","","","7f012fce8e58727751570cc025abe0f","0.297","","","","","1.1","https://sunrisehouse.com/quit-abusing-marijuana/","2022-09-04 07:21:17"
"https://sunrisehouse.com/stop-drinking-alcohol/","text/html; charset=utf-8","200","OK","Indexable","","Alcohol Use Disorder (AUD): Understanding Alcoholism & How to Stop Drinking","75","696","When alcoholics attempt to stop drinking alcohol, they may experience withdrawals and a strong desire to drink - Simply stopping on one's own is not easy. Help available 24/7 for drug rehab & treatment programs call now (973) 862-4820","234","1460","","0","Alcohol Addiction and Abuse","27","What is Alcoholism?","19","Signs and Symptoms of Alcoholism","32","index, follow, max-snippet:-1, max-image-preview:large, max-video-preview:-1","","","https://sunrisehouse.com/stop-drinking-alcohol/","","","","","","308687","1553","5.190","0","","420","83","0","100.000","190","63","0","15","10","0","","","","","3f72e4b1901ca9043b2b97ee010fb1c9","0.417","","","","","1.1","https://sunrisehouse.com/stop-drinking-alcohol/","2022-09-04 07:21:17"
"https://sunrisehouse.com/sitemap/","text/html; charset=utf-8","200","OK","Indexable","","Sitemap | Sunrise House","23","219","","0","0","","0","Sitemap","7","","0","","0","index, follow, max-snippet:-1, max-image-preview:large, max-video-preview:-1","","","https://sunrisehouse.com/sitemap/","","","","","","407571","3909","7.146","0","","2","2","0","2.410","665","478","0","15","10","0","","","","","6139fa2152afd81e930547e422a279f5","0.499","","","","","1.1","https://sunrisehouse.com/sitemap/","2022-09-04 07:21:17"
"https://sunrisehouse.com/privacy-policy/","text/html; charset=utf-8","200","OK","Indexable","","Privacy Policy | Sunrise House","30","267","Answers to commonly asked questions regarding American Addiction Centers Privacy Policy at Sunrise House. Learn about everything regarding AAC's privacy policy.","160","1021","","0","Privacy Policy","14","","0","","0","index, follow, max-snippet:-1, max-image-preview:large, max-video-preview:-1","","","https://sunrisehouse.com/privacy-policy/","","","","","","266141","1774","6.637","0","","252","83","0","100.000","194","62","0","16","11","0","","","","","51dc7f55bd907776724cee28d582319a","0.545","","","","","1.1","https://sunrisehouse.com/privacy-policy/","2022-09-04 07:21:17"
"https://sunrisehouse.com/prescription-opiates/fentanyl/","text/html; charset=utf-8","200","OK","Indexable","","Fentanyl Abuse, Health Effects, & Treatment | Sunrise Treatment Center","70","641","Answers to questions about fentanyl addiction and treatment. Learn how addictive fentanyl is, the signs of addiction, withdrawal symptoms, street names and more.","161","1017","","0","Fentanyl Addiction: Side Effects, Detox, & Rehab","48","What is Fentanyl?","17","How Addictive is Fentanyl?","26","index, follow, max-snippet:-1, max-image-preview:large, max-video-preview:-1","","","https://sunrisehouse.com/prescription-opiates/fentanyl/","","","","","","340217","1511","4.733","0","","418","83","0","100.000","188","60","0","15","10","0","","","","","8b348fa6b999d2603d7d6586def5ee3b","0.216","","","","","1.1","https://sunrisehouse.com/prescription-opiates/fentanyl/","2022-09-04 07:21:17"
"https://sunrisehouse.com/prescription-opiates/","text/html; charset=utf-8","200","OK","Indexable","","Opioid Addiction, Health Effects, & Treatment | Sunrise House","61","547","Detailed info on the most addictive prescription opiates. Learn about codeine, hydrocodone, fentanyl, oxycodone, as well as, more additional information.","153","941","","0","Opioid Addiction, Health Effects, & Treatment","45","What are Prescription Opioids?","30","What is Opioid Use Disorder?","28","index, follow, max-snippet:-1, max-image-preview:large, max-video-preview:-1","","","https://sunrisehouse.com/prescription-opiates/","","","","","","307347","1466","5.158","0","","427","83","0","100.000","199","68","0","16","11","0","","","","","83433b13f9fef1a91c23a5f520a2f600","0.464","","","","","1.1","https://sunrisehouse.com/prescription-opiates/","2022-09-04 07:21:17"
"https://sunrisehouse.com/prescription-drug-addiction-recovery/","text/html; charset=utf-8","200","OK","Indexable","","How to Recover from a Prescription Drug Addiction | Sunrise House","65","597","Click for a guide on how to recover from a prescription drug addiction. Use these 6 simple steps to end addiction to prescription pills, capsules, and tablets.","159","948","","0","How to Recover from a Prescription Drug Addiction","49","Step 1: Get real about addiction.","33","Step 2: Understand treatment options.","37","index, follow, max-snippet:-1, max-image-preview:large, max-video-preview:-1","","","https://sunrisehouse.com/prescription-drug-addiction-recovery/","","","","","","361880","2044","5.134","0","","256","83","0","100.000","230","77","0","24","17","0","","","","","16c0d463ed080793e7504a25a333c81f","0.478","","","","","1.1","https://sunrisehouse.com/prescription-drug-addiction-recovery/","2022-09-04 07:21:17"
"https://sunrisehouse.com/northeast-addiction-treatment-guide/new-jersey/","text/html; charset=utf-8","200","OK","Indexable","","Addiction Rehab Info in New Jersey | Sunrise House Treatment","60","558","Find local rehab options and addiction resources near New Jersey. Explore addiction treatment at nearby Sunrise House.","118","743","","0","Addiction Treatment in New Jersey","33","New Jersey Substance Abuse Treatment and Addiction Info","55","","0","index, follow, max-snippet:-1, max-image-preview:large, max-video-preview:-1","","","https://sunrisehouse.com/northeast-addiction-treatment-guide/new-jersey/","","","","","","400455","1530","3.942","0","","252","83","0","100.000","227","89","0","21","16","0","","","","","a68a419dd7adaea5896e2bc7723d6c35","0.349","","","","","1.1","https://sunrisehouse.com/northeast-addiction-treatment-guide/new-jersey/","2022-09-04 07:21:18"
"https://sunrisehouse.com/otc-abuse/","text/html; charset=utf-8","200","OK","Indexable","","OTC Drugs & Addiction - 5 Over the Counter Drugs That Get Abused","64","598","Top 5 over the counter drugs that are abused. Learn how medicines like Tylenol, Sudafed, Imodium, Dramamine, and Benadryl are getting people high. Help available 24/7 for drug rehab & treatment programs call now (973) 862-4820","226","1429","","0","5 Over-the-Counter Drugs that Get Abused","40","1. Dextromethorphan (DXM)","25","2. Pseudoephedrine","18","index, follow, max-snippet:-1, max-image-preview:large, max-video-preview:-1","","","https://sunrisehouse.com/otc-abuse/","","","","","","377113","1551","4.247","0","","259","83","0","100.000","232","73","0","24","17","0","","","","","fbc1d8465c7bae60613d204705423d8e","0.403","","","","","1.1","https://sunrisehouse.com/otc-abuse/","2022-09-04 07:21:17"
"https://sunrisehouse.com/northeast-addiction-treatment-guide/","text/html; charset=utf-8","200","OK","Indexable","","Addiction Resources in the Northeast | Sunrise House Treatment Center","69","640","Learn about addiction in the Northeastern United States, including local rehab facilities, emergency services, overdose prevention, and more.","141","861","","0","Addiction in the Northeast","26","Drug Rehab and Addiction Information in the Northeast","53","","0","index, follow, max-snippet:-1, max-image-preview:large, max-video-preview:-1","","","https://sunrisehouse.com/northeast-addiction-treatment-guide/","","","","","","365721","1738","4.692","0","","12","10","0","12.050","218","84","0","49","41","0","","","","","7827529e8ddd7d3bb8e0daa83e836869","0.510","","","","","1.1","https://sunrisehouse.com/northeast-addiction-treatment-guide/","2022-09-04 07:21:18"
"https://sunrisehouse.com/hipaa-policy/","text/html; charset=utf-8","200","OK","Indexable","","Notice of Privacy Practices | Sunrise House","43","384","Everything you need to know about American Addiction Centers privacy practices at Sunrise House. Click for ample information on privacy practices.","146","914","","0","Notice of Privacy Practices","27","Our Duties","10","Confidentiality of Alcohol & Drug Abuse Records","47","index, follow, max-snippet:-1, max-image-preview:large, max-video-preview:-1","","","https://sunrisehouse.com/hipaa-policy/","","","","","","273415","2519","7.876","0","","170","83","0","100.000","194","64","0","15","10","0","","","","","a6eb7ea2d96583691794f7bd042436c3","0.456","","","","","1.1","https://sunrisehouse.com/hipaa-policy/","2022-09-04 07:21:18"
"https://sunrisehouse.com/frequently-asked-questions/treatment/","text/html","301","Moved Permanently","Non-Indexable","Redirected","","0","0","","0","0","","0","","0","","0","","0","","","","","","","","","","0","0","0.000","0","","251","83","0","100.000","0","0","0","0","0","0","","","","","","0.262","","https://sunrisehouse.com/addiction-treatment-new-jersey/levels-of-care/inpatient/","HTTP Redirect","","1.1","https://sunrisehouse.com/frequently-asked-questions/treatment/","2022-09-04 07:21:18"
"https://sunrisehouse.com/glossary/","text/html; charset=utf-8","200","OK","Indexable","","Glossary of Addiction Treatment and Rehab Terms | Sunrise House","63","595","Specific terminology, acronyms and abbreviations are a big part of seeking recovery. Our rehab glossary defines common addiction treatment jargon.","146","919","","0","Substance Abuse Terminology: Glossary","37","Levels of Care","14","","0","index, follow, max-snippet:-1, max-image-preview:large, max-video-preview:-1","","","https://sunrisehouse.com/glossary/","","","","","","385268","1733","4.607","0","","256","83","0","100.000","242","84","0","17","10","0","","","","","7a4650773ffe22e8f8bfa9f77720295f","0.340","","","","","1.1","https://sunrisehouse.com/glossary/","2022-09-04 07:21:18"
"https://sunrisehouse.com/heroin-addiction-treatment/","text/html; charset=utf-8","200","OK","Indexable","","Heroin Addiction, Effects, & Treatment | Sunrise Treatment Center","65","588","","0","0","","0","Heroin Addiction, Health Effects, & Treatment","45","What is Heroin?","15","Is Heroin Addictive?","20","index, follow, max-snippet:-1, max-image-preview:large, max-video-preview:-1","","","https://sunrisehouse.com/heroin-addiction-treatment/","","","","","","300033","1583","5.419","0","","418","83","0","100.000","189","63","0","16","11","0","","","","","a558c5bceca80c182816faf80cf8397","0.544","","","","","1.1","https://sunrisehouse.com/heroin-addiction-treatment/","2022-09-04 07:21:18"
"https://sunrisehouse.com/frequently-asked-questions/aftercare/","text/html","301","Moved Permanently","Non-Indexable","Redirected","","0","0","","0","0","","0","","0","","0","","0","","","","","","","","","","0","0","0.000","0","","172","83","0","100.000","0","0","0","0","0","0","","","","","","0.149","","https://sunrisehouse.com/addiction-treatment-new-jersey/after-rehab/","HTTP Redirect","","1.1","https://sunrisehouse.com/frequently-asked-questions/aftercare/","2022-09-04 07:21:19"
"https://sunrisehouse.com/herbal-drugs/","text/html; charset=utf-8","200","OK","Indexable","","3 Legal Herbal Drugs of Abuse | Sunrise House","45","414","Learn about the legal 3 most abused herbal drugs: kratom, kava, and salvia divinorum. Info on their origin, the effects, how they can be ingested, and more.","156","952","","0","3 Legal Herbal Drugs of Abuse","29","","0","","0","index, follow, max-snippet:-1, max-image-preview:large, max-video-preview:-1","","","https://sunrisehouse.com/herbal-drugs/","","","","","","341557","1420","4.453","0","","255","83","0","100.000","225","73","0","28","20","0","","","","","1b6d42025a3c5fd093708ea656f3e2a5","0.483","","","","","1.1","https://sunrisehouse.com/herbal-drugs/","2022-09-04 07:21:18"
"https://sunrisehouse.com/family-resources","text/html","301","Moved Permanently","Non-Indexable","Redirected","","0","0","","0","0","","0","","0","","0","","0","","","","","","","","","","0","0","0.000","0","","1","1","0","1.200","0","0","0","0","0","0","","","","","","0.121","","https://sunrisehouse.com/family-resources/","HTTP Redirect","","1.1","https://sunrisehouse.com/family-resources","2022-09-04 07:21:19"
"https://sunrisehouse.com/frequently-asked-questions/outpatient/","text/html; charset=utf-8","200","OK","Indexable","","Outpatient Substance Abuse Treatment: FAQ | Sunrise House","57","547","Answers to commonly asked questions regarding the outpatient programs offered at Sunrise House. Learn how the different types of outpatient rehabs work.","152","973","","0","Outpatient Substance Abuse Treatment: FAQ","41","Outpatient Drug Rehabilitation Programs","39","Can outpatient treatment programs work around my work or school schedule?","73","index, follow, max-snippet:-1, max-image-preview:large, max-video-preview:-1","","","https://sunrisehouse.com/frequently-asked-questions/outpatient/","","","","","","275903","1861","6.464","0","","173","83","0","100.000","190","61","0","24","19","0","","","","","1162c6368c7239f14d22e4af0dc50303","0.442","","","","","1.1","https://sunrisehouse.com/frequently-asked-questions/outpatient/","2022-09-04 07:21:18"
"https://sunrisehouse.com/drug-rehab-lafayette-nj","text/html","301","Moved Permanently","Non-Indexable","Redirected","","0","0","","0","0","","0","","0","","0","","0","","","","","","","","","","0","0","0.000","0","","1","1","0","1.200","0","0","0","0","0","0","","","","","","0.304","","https://sunrisehouse.com/drug-rehab-lafayette-nj/","HTTP Redirect","","1.1","https://sunrisehouse.com/drug-rehab-lafayette-nj","2022-09-04 07:21:19"
"https://sunrisehouse.com/downloadable-addiction-resources/","text/html; charset=utf-8","200","OK","Indexable","","Downloadable Addiction Resources | Sunrise House","48","457","","0","0","","0","Downloadable Addiction Resources","32","Addiction Guides for Families","29","Addiction Guide for Spouses & Partners","38","index, follow, max-snippet:-1, max-image-preview:large, max-video-preview:-1","","","https://sunrisehouse.com/downloadable-addiction-resources/","","","","","","318538","834","3.583","0","","252","83","0","100.000","226","78","0","17","10","0","","","","","93a2a450fa11b07ef35199a0dc12d073","0.427","","","","","1.1","https://sunrisehouse.com/downloadable-addiction-resources/","2022-09-04 07:21:19"
"https://sunrisehouse.com/drug-rehab-lafayette-nj/","text/html; charset=utf-8","200","OK","Indexable","","Drug and Alcohol Rehab in New Jersey | Sunrise House","52","486","We are a certified & accredited American Addiction Centers’ facility located in New Jersey, providing care for substance & alcohol use disorders.","145","879","","0","Drug and Alcohol Rehab in New Jersey","36","Rehab Programs & Therapies","26","Reviews","7","index, follow, max-snippet:-1, max-image-preview:large, max-video-preview:-1","","","https://sunrisehouse.com/drug-rehab-lafayette-nj/","","","","","","334695","1748","5.026","0","","451","83","0","100.000","208","64","0","18","10","0","","","","","a76f680391a769a54b9963eb5a4b6745","0.605","","","","","1.1","https://sunrisehouse.com/drug-rehab-lafayette-nj/","2022-09-04 07:21:19"
"https://sunrisehouse.com/contributors/sarah-newman/","text/html; charset=utf-8","200","OK","Indexable","","Sarah Newman | Sunrise House","28","281","","0","0","","0","Sarah Newman","12","About","5","","0","index, follow, max-snippet:-1, max-image-preview:large, max-video-preview:-1","","","https://sunrisehouse.com/contributors/sarah-newman/","","","","","","267844","120","2.635","0","","4","3","0","3.610","184","59","0","15","10","0","","","","","e732668505373d0b29a3b67f265e23b1","0.628","","","","","1.1","https://sunrisehouse.com/contributors/sarah-newman/","2022-09-04 07:21:19"
"https://sunrisehouse.com/contributors/editorial-staff/","text/html; charset=utf-8","200","OK","Indexable","","Editorial Staff | Sunrise House","31","266","Information on the editorial staff of Sunrise House, comprised of addiction content experts from AAC. Links to their authored, edited, and reviewed posts.","154","942","","0","Editorial Staff","15","About","5","","0","index, follow, max-snippet:-1, max-image-preview:large, max-video-preview:-1","","","https://sunrisehouse.com/contributors/editorial-staff/","","","","","","319446","291","2.509","0","","73","25","0","30.120","216","63","0","17","12","0","","","","","7e345d5fcefe51d61447a6acf335fb28","0.374","","","","","1.1","https://sunrisehouse.com/contributors/editorial-staff/","2022-09-04 07:21:19"
"https://sunrisehouse.com/contributors/leah-walker-phd-lfmt/","text/html; charset=utf-8","200","OK","Indexable","","Leah Walker, PhD, LFMT | Sunrise House","38","361","Leah Walker is currently acting as Director of Adult Outpatient Services in a community mental health center. Learn about Leah and her previous experience.","155","959","","0","Leah Walker, PhD, LFMT","22","About","5","","0","index, follow, max-snippet:-1, max-image-preview:large, max-video-preview:-1","","","https://sunrisehouse.com/contributors/leah-walker-phd-lfmt/","","","","","","330410","169","2.233","0","","3","2","0","2.410","187","63","0","15","10","0","","","","","83137ea9e9af40d491b92ea1d813bad6","0.489","","","","","1.1","https://sunrisehouse.com/contributors/leah-walker-phd-lfmt/","2022-09-04 07:21:19"
"https://sunrisehouse.com/contributors/","text/html; charset=utf-8","200","OK","Indexable","","Contributing Staff & Editorial Team | Sunrise House","51","455","","0","0","","0","Contributing Staff & Editorial Team","35","","0","","0","index, follow, max-snippet:-1, max-image-preview:large, max-video-preview:-1","","","https://sunrisehouse.com/contributors/","","","","","","348762","183","2.225","0","","3","3","0","3.610","240","87","0","15","10","0","","","","","a75c0a25ca2d6565ab07b5ae8a5d209e","0.418","","","","","1.1","https://sunrisehouse.com/contributors/","2022-09-04 07:21:19"
"https://sunrisehouse.com/contact/","text/html; charset=utf-8","200","OK","Indexable","","Get Help Today | Contact Us | Sunrise House","43","394","Sunrise House contact information. Call and talk to one of our admissions navigators at (888)409-2640. We're open and ready to help 24/7.","137","859","","0","Contact Us","10","Contact Customer Service","24","Find Our Locations","18","index, follow, max-snippet:-1, max-image-preview:large, max-video-preview:-1","","","https://sunrisehouse.com/contact/","","","","","","273650","297","2.971","0","","337","83","0","100.000","183","57","0","20","11","0","","","","","a3d3c80af84ac05420db5454cd4e6ece","0.451","","","","","1.1","https://sunrisehouse.com/contact/","2022-09-04 07:21:19"
"https://sunrisehouse.com/cocaine-addiction-treatment/signs-of-abuse/","text/html; charset=utf-8","200","OK","Indexable","","Signs & Symptoms of Cocaine Addiction | Sunrise House Treatment Center","70","665","Learn about the signs of cocaine addiction and how to know if someone may be using cocaine. Expore treatment options at Sunrise House.","134","857","","0","Signs Someone May Be Addicted to Cocaine","40","What Are the Signs of Cocaine Use?","34","Risk Factors for Cocaine Addiction","34","index, follow, max-snippet:-1, max-image-preview:large, max-video-preview:-1","","","https://sunrisehouse.com/cocaine-addiction-treatment/signs-of-abuse/","","","","","","428406","1658","3.849","0","","11","8","0","9.640","232","75","0","17","10","0","","","","","809400985583c6284d8647d4babaa0d3","0.346","","","","","1.1","https://sunrisehouse.com/cocaine-addiction-treatment/signs-of-abuse/","2022-09-04 07:21:20"
"https://sunrisehouse.com/cocaine-addiction-treatment/more-damage-crack/","text/html; charset=utf-8","200","OK","Indexable","","Crack vs Cocaine: Which is More Dangerous? | Sunrise House","58","543","Learn about the differences between cocaine and crack cocaine. Explore treatment options for cocaine addiction at Sunrise House.","128","806","","0","Is Crack or Cocaine More Dangerous?","35","What’s the Difference Between Crack and Cocaine?","48","Get Help for Cocaine Use","24","index, follow, max-snippet:-1, max-image-preview:large, max-video-preview:-1","","","https://sunrisehouse.com/cocaine-addiction-treatment/more-damage-crack/","","","","","","399557","1192","3.149","0","","8","7","0","8.430","229","73","0","17","10","0","","","","","9b75eadb6ec99fd41af6e526dc9eab08","0.402","","","","","1.1","https://sunrisehouse.com/cocaine-addiction-treatment/more-damage-crack/","2022-09-04 07:21:20"
"https://sunrisehouse.com/cocaine-addiction-treatment/long-term-effects/","text/html; charset=utf-8","200","OK","Indexable","","Long-Term Effects of Cocaine | Risks of Cocaine Use | Sunrise House","67","611","Long-term abuse of cocaine can cause a myriad of physical problems. Learn more about the long-term effects of cocaine use such as nasal passage damage etc","154","989","","0","Long-Term Health Effects & Dangers of Cocaine Addiction","55","What Are the Long-Term Effects of Cocaine?","42","Long-Term Effects of Regular Cocaine Use on the Body","52","index, follow, max-snippet:-1, max-image-preview:large, max-video-preview:-1","","","https://sunrisehouse.com/cocaine-addiction-treatment/long-term-effects/","","","","","","411964","1744","3.912","0","","11","7","0","8.430","230","74","0","17","10","0","","","","","a061ac8981592d10e960aff1f8751f38","0.272","","","","","1.1","https://sunrisehouse.com/cocaine-addiction-treatment/long-term-effects/","2022-09-04 07:21:20"
"https://sunrisehouse.com/cocaine-addiction-treatment/process-withdrawal/","text/html; charset=utf-8","200","OK","Indexable","","Cocaine Withdrawal Process: Symptoms & Detox Timeline | Sunrise House","69","662","Learn about cocaine withdrawal timelines, symptoms, and how to get help with detox. Explore treatment options at Sunrise House.","127","806","","0","Cocaine Detox & Withdrawal Process","34","What Is Cocaine Withdrawal?","27","What Are the Symptoms of Cocaine Withdrawal?","44","index, follow, max-snippet:-1, max-image-preview:large, max-video-preview:-1","","","https://sunrisehouse.com/cocaine-addiction-treatment/process-withdrawal/","","","","","","404825","1441","3.879","0","","8","7","0","8.430","229","74","0","17","10","0","","","","","f194630686dfaff7ca05e62d7df11ff3","0.513","","","","","1.1","https://sunrisehouse.com/cocaine-addiction-treatment/process-withdrawal/","2022-09-04 07:21:20"
"https://sunrisehouse.com/cocaine-addiction-treatment/how-made/","text/html; charset=utf-8","200","OK","Indexable","","What's in Cocaine? - How Cocaine Is made, from plant to illegal product","71","632","Cocaine is a highly addictive and illegal stimulant that is made from the leaves of the coca plant, which is native to South America.","133","796","","0","What’s In Cocaine?","18","What is Cocaine?","16","How Is Cocaine Made?","20","index, follow, max-snippet:-1, max-image-preview:large, max-video-preview:-1","","","https://sunrisehouse.com/cocaine-addiction-treatment/how-made/","","","","","","359992","957","3.356","0","","8","7","0","8.430","220","71","0","21","14","0","","","","","534ab69f6fffae50578eae52df9e1552","0.290","","","","","1.1","https://sunrisehouse.com/cocaine-addiction-treatment/how-made/","2022-09-04 07:21:20"
"https://sunrisehouse.com/club-drugs/","text/html; charset=utf-8","200","OK","Indexable","","What Substances Are Considered Club Drugs? | Sunrise House","58","553","Information on Ecstasy, LSD, Ketamine, Meth, and Xanax. Click for everything you need to know about the substances that are commonly referred to as party drugs.","160","1012","","0","What Substances Are Considered Club Drugs?","42","Who Uses Club Drugs?","20","Where Do Club Drugs Come From?","30","index, follow, max-snippet:-1, max-image-preview:large, max-video-preview:-1","","","https://sunrisehouse.com/club-drugs/","","","","","","359482","1961","5.056","0","","255","83","0","100.000","237","77","0","24","17","0","","","","","6c10b68f2eaa11777c6dda06eb24eb16","0.340","","","","","1.1","https://sunrisehouse.com/club-drugs/","2022-09-04 07:21:20"
"https://sunrisehouse.com/cocaine-addiction-treatment/","text/html; charset=utf-8","200","OK","Indexable","","Cocaine Addiction: Effects, Withdrawal, and Treatment | Sunrise House","69","630","Learn about cocaine addiction, signs of cocaine misuse, and how to get help for cocaine use. Explore treatment options at Sunrise House.","136","846","","0","Cocaine Addiction: Health Risks, Signs, and Treatment","53","What Is Cocaine?","16","Risk Factors for Cocaine Addiction","34","index, follow, max-snippet:-1, max-image-preview:large, max-video-preview:-1","","","https://sunrisehouse.com/cocaine-addiction-treatment/","","","","","","319639","1171","4.260","0","","427","83","0","100.000","200","75","0","15","10","0","","","","","7a4607f7377f0ece1f372e2386f76aa0","0.451","","","","","1.1","https://sunrisehouse.com/cocaine-addiction-treatment/","2022-09-04 07:21:20"
"https://sunrisehouse.com/cause-effect/drug-addiction-abuse/","text/html; charset=utf-8","200","OK","Indexable","","The Difference Between Drug & Alcohol Abuse vs Addiction | Sunrise House","72","669","Is there a difference between drug addiction and drug abuse? Learn more about drug abuse versus addiction as well as treatment options here.","140","882","","0","Drug or Alcohol Addiction vs Misuse","35","What’s the Difference Between Substance Abuse and Addiction?","60","Signs of Substance Misuse","25","index, follow, max-snippet:-1, max-image-preview:large, max-video-preview:-1","","","https://sunrisehouse.com/cause-effect/drug-addiction-abuse/","","","","","","379250","1144","3.530","0","","254","83","0","100.000","231","79","0","17","10","0","","","","","e9729d17cffe36119677096f7987351","0.351","","","","","1.1","https://sunrisehouse.com/cause-effect/drug-addiction-abuse/","2022-09-04 07:21:20"
"https://sunrisehouse.com/cause-effect/","text/html; charset=utf-8","200","OK","Indexable","","The Cause & Effect of Substance Abuse & Mental Health Issues","60","563","Information on the causes and effects of substance abuse and mental health disorders. Be able to understand negative impact they can have on someones life.","155","982","","0","Substance Abuse and Mental Health Issues: The Cause & Effect","60","What Are the Symptoms or Effects of Substance Abuse?","52","What Are the Signs and Symptoms of General Drug Abuse?","54","index, follow, max-snippet:-1, max-image-preview:large, max-video-preview:-1","","","https://sunrisehouse.com/cause-effect/","","","","","","409904","4401","8.016","0","","14","3","0","3.610","241","80","0","62","47","0","","","","","124e33c4c00e932e132a665b432db6e4","0.351","","","","","1.1","https://sunrisehouse.com/cause-effect/","2022-09-04 07:21:20"
"https://sunrisehouse.com/brand-promise-details/","text/html; charset=utf-8","200","OK","Indexable","","90 Day Brand Promise | Sunrise House","36","341","Quick facts about American Addiction centers brand promise details. Info on how to apply for treatment, our treatment centers, the expenses and fees, and more.","159","993","","0","90 Day Brand Promise","20","What Is the 90-Day Promise?","27","Frequently Asked Questions","26","index, follow, max-snippet:-1, max-image-preview:large, max-video-preview:-1","","","https://sunrisehouse.com/brand-promise-details/","","","","","","254700","1157","5.275","0","","362","83","0","100.000","196","57","0","15","10","0","","","","","480c7b0440b3967c1b04dde2a6495359","0.335","","","","","1.1","https://sunrisehouse.com/brand-promise-details/","2022-09-04 07:21:21"
"https://sunrisehouse.com/anxiety-disorder-treatment/antidepressants-benzodiazepines/","text/html","301","Moved Permanently","Non-Indexable","Redirected","","0","0","","0","0","","0","","0","","0","","0","","","","","","","","","","0","0","0.000","0","","1","1","0","1.200","0","0","0","0","0","0","","","","","","0.148","","https://sunrisehouse.com/co-occurring-disorders/depression/antidepressants/","HTTP Redirect","","1.1","https://sunrisehouse.com/anxiety-disorder-treatment/antidepressants-benzodiazepines/","2022-09-04 07:21:21"
"https://sunrisehouse.com/benzodiazepines/diazepam-valium/","text/html; charset=utf-8","200","OK","Indexable","","How to Treat an Addiction to Diazepam (Valium) | Sunrise House","62","576","Everything you need to know on how to treat a valium/diazepam addiction. Follow this 13 step guide on what to do if you or a loved one is addicted to valium.","157","968","","0","How to Treat an Addiction to Diazepam (Valium)","46","Treating a Valium Addiction","27","Step 1: Engage in intake and stabilization","42","index, follow, max-snippet:-1, max-image-preview:large, max-video-preview:-1","","","https://sunrisehouse.com/benzodiazepines/diazepam-valium/","","","","","","363454","1628","4.564","0","","5","4","0","4.820","225","75","0","22","14","0","","","","","62ac3da4096a504b3d66d8898fc821fc","0.227","","","","","1.1","https://sunrisehouse.com/benzodiazepines/diazepam-valium/","2022-09-04 07:21:21"
"https://sunrisehouse.com/blog/coronavirus-notice/","text/html; charset=utf-8","200","OK","Indexable","","We’re Open & Committed to Addiction Treatment During Coronavirus | Sunrise House","80","757","","0","0","","0","We’re Open & Committed to Addiction Treatment During Coronavirus","64","Overview of Our Approach","24"," Sunrise House Treatment Center Services Update:","48","index, follow, max-snippet:-1, max-image-preview:large, max-video-preview:-1","","","https://sunrisehouse.com/blog/coronavirus-notice/","","","","","","360683","1996","5.126","0","","88","83","0","100.000","223","73","0","22","15","0","","","","","23f719c21128298f8d17ae3a83d109f7","0.328","","","","","1.1","https://sunrisehouse.com/blog/coronavirus-notice/","2022-09-04 07:21:21"
"https://sunrisehouse.com/barbiturates/","text/html; charset=utf-8","200","OK","Indexable","","What Prescription Barbiturates Get Abused? | Sunrise House","58","537","Learn which prescription barbiturates are abused and why. Get a complete list of the different types of barbiturates and information on how they are used and abused.","165","1028","","0","What Prescription Barbiturates Get Abused?","42","What is Phenobarbital?","22","What is Amobarbital (Amytal)?","29","index, follow, max-snippet:-1, max-image-preview:large, max-video-preview:-1","","","https://sunrisehouse.com/barbiturates/","","","","","","345614","1667","4.823","0","","256","83","0","100.000","225","74","0","25","18","0","","","","","895ed9750ebafdbd9bae2147ef839535","0.285","","","","","1.1","https://sunrisehouse.com/barbiturates/","2022-09-04 07:21:21"
"https://sunrisehouse.com/addiction-treatment-new-jersey/short-term-rehab/)","text/html","301","Moved Permanently","Non-Indexable","Redirected","","0","0","","0","0","","0","","0","","0","","0","","","","","","","","","","0","0","0.000","0","","1","1","0","1.200","0","0","0","0","0","0","","","","","","0.136","","https://sunrisehouse.com/addiction-treatment-new-jersey/short-term-rehab/)/","HTTP Redirect","","1.1","https://sunrisehouse.com/addiction-treatment-new-jersey/short-term-rehab/)","2022-09-04 07:21:21"
"https://sunrisehouse.com/addiction-treatment/","text/html; charset=utf-8","200","OK","Indexable","","How to Treat Drug & Alcohol Addiction: Rehab Overview | Sunrise House","69","638","Learn about the different ways drug or alcohol addiction can be treated and what to expect from participating in rehab.","119","734","","0","Addiction Treatment: What It Is & How It Works","46","Can You Treat Drug or Alcohol Addiction?","40","How Can You Treat Drug or Alcohol Addiction?","44","index, follow, max-snippet:-1, max-image-preview:large, max-video-preview:-1","","","https://sunrisehouse.com/addiction-treatment/","","","","","","372488","1673","4.596","0","","265","83","0","100.000","228","75","0","18","11","0","","","","","599f0bdaff2c08bd1650bd2b147bab34","0.278","","","","","1.1","https://sunrisehouse.com/addiction-treatment/","2022-09-04 07:21:21"
"https://sunrisehouse.com/addiction-treatment/pros-cons-inpatient-outpatient/","text/html; charset=utf-8","200","OK","Indexable","","Pros & Cons of Inpatient vs Outpatient Addiction Rehab | Sunrise House","70","634","Learn the differences between inpatient and outpatient treatment options. Info on the ideal client, types of treatment programs, and cost for both types.","153","936","","0","Inpatient vs. Outpatient Addiction Treatment: Pros & Cons","57","Who Should Consider Inpatient Addiction Treatment?","50","Who Should Consider Outpatient Addiction Treatment?","51","index, follow, max-snippet:-1, max-image-preview:large, max-video-preview:-1","","","https://sunrisehouse.com/addiction-treatment/pros-cons-inpatient-outpatient/","","","","","","373335","1613","4.404","0","","6","6","0","7.230","226","78","0","23","16","0","","","","","714b83b5669ed4d15112fa3273492318","0.442","","","","","1.1","https://sunrisehouse.com/addiction-treatment/pros-cons-inpatient-outpatient/","2022-09-04 07:21:21"
"https://sunrisehouse.com/addiction-treatment-new-jersey/specialized-treatment/","text/html; charset=utf-8","200","OK","Indexable","","Specialized Drug & Alcohol Rehab Programs in NJ | Sunrise House","63","586","Learn about the specialized treatment programs for: young adults, LGBTQ patients, trauma and gender-specific programming offered at Sunrise House.","146","936","","0","Specialized Addiction Treatment Programs","40","Addiction Treatment Program for Young Adults","44","Substance Abuse Treatment Plans for LGBTQ+ Patients","51","index, follow, max-snippet:-1, max-image-preview:large, max-video-preview:-1","","","https://sunrisehouse.com/addiction-treatment-new-jersey/specialized-treatment/","","","","","","291237","497","3.236","0","","270","83","0","100.000","197","57","0","15","10","0","","","","","dfd21658b6e73da1936449f4436bc890","0.258","","","","","1.1","https://sunrisehouse.com/addiction-treatment-new-jersey/specialized-treatment/","2022-09-04 07:21:21"
"https://sunrisehouse.com/addiction-treatment-new-jersey/therapy-types/","text/html; charset=utf-8","200","OK","Indexable","","Types of Therapies Used in Addiction & Rehab | Sunrise House","60","552","Learn about the different types of therapy used in addiction treatment at our New Jersey rehab center.","102","632","","0","Different Addiction Therapies in Rehab at Sunrise House","55","Types of Therapy at Our Addiction Treatment Facility in New Jersey","66","More Addiction Treatment Therapies Used in Rehab","48","index, follow, max-snippet:-1, max-image-preview:large, max-video-preview:-1","","","https://sunrisehouse.com/addiction-treatment-new-jersey/therapy-types/","","","","","","303117","721","3.569","0","","280","83","0","100.000","203","57","0","15","10","0","","","","","9b1ec2212cb770e3e0141be05568b139","0.338","","","","","1.1","https://sunrisehouse.com/addiction-treatment-new-jersey/therapy-types/","2022-09-04 07:21:21"
"https://sunrisehouse.com/addiction-treatment-new-jersey/short-term-rehab/","text/html; charset=utf-8","200","OK","Indexable","","Weekend, 5–10 Day Detox, & Short-Term Addiction Rehab | Sunrise House","69","655","Learn more about short-term rehab: the admissions process, detox, payment options, and what to expect after treatment.","118","750","","0","Short-Term Detox & Addiction Treatment in New Jersey","52","What Is Short-Term Rehab?","25","Will Health Insurance Cover Short-Term Inpatient Rehab & Detox?","63","index, follow, max-snippet:-1, max-image-preview:large, max-video-preview:-1","","","https://sunrisehouse.com/addiction-treatment-new-jersey/short-term-rehab/","","","","","","418693","1138","3.268","0","","11","10","0","12.050","235","72","0","18","11","0","","","","","affdb3d21a6f1856e3f217bfa2af4efd","0.296","","","","","1.1","https://sunrisehouse.com/addiction-treatment-new-jersey/short-term-rehab/","2022-09-04 07:21:21"
"https://sunrisehouse.com/addiction-treatment-new-jersey/payment-options/insurance/uhc-optum/","text/html; charset=utf-8","200","OK","Indexable","","Using UHC & Optum for Drug & Alcohol Rehab | Sunrise House","58","548","How to access UnitedHealthcare and Optum drug rehab coverage and the different types of addiction treatment they may cover.","123","792","","0","Addiction Treatment Covered by UnitedHealthcare and Optum","57","Do UHC and Optum Cover Substance Abuse Treatment?","49","How to Use UHC and Optum Insurance to Pay for Rehab in New Jersey","65","index, follow, max-snippet:-1, max-image-preview:large, max-video-preview:-1","","","https://sunrisehouse.com/addiction-treatment-new-jersey/payment-options/insurance/uhc-optum/","","","","","","302815","901","3.969","0","","38","35","0","42.170","195","68","0","16","11","0","","","","","e4f32fb23f7b126ca185eb6137832b37","0.337","","","","","1.1","https://sunrisehouse.com/addiction-treatment-new-jersey/payment-options/insurance/uhc-optum/","2022-09-04 07:21:22"
"https://sunrisehouse.com/addiction-treatment-new-jersey/salute-to-recovery/","text/html; charset=utf-8","200","OK","Indexable","","Drug & Alcohol Rehab for Veterans & First Responders | Sunrise House","68","623","Sunrise House's Salute to Recovery program provides substance use and mental health disorder treatment for veterans and first responders.","137","866","","0","Veteran & First Responder Rehab Program","39","Veteran Addiction Treatment Overview","36","Military and First Responders","29","index, follow, max-snippet:-1, max-image-preview:large, max-video-preview:-1","","","https://sunrisehouse.com/addiction-treatment-new-jersey/salute-to-recovery/","","","","","","379680","872","3.094","0","","269","83","0","100.000","197","57","0","17","10","0","","","","","13a214d2d7ae77ea976b471f42f7e55a","0.390","","","","","1.1","https://sunrisehouse.com/addiction-treatment-new-jersey/salute-to-recovery/","2022-09-04 07:21:22"
"https://sunrisehouse.com/addiction-treatment-new-jersey/payment-options/insurance/emblem-health/","text/html; charset=utf-8","200","OK","Indexable","","EmblemHealth for Drug & Alcohol Rehab | Sunrise House","53","503","An overview of some addiction treatments that EmblemHealth may cover and what to expect when using your health insurance to pay for rehab.","138","890","","0","Addiction Treatment Covered by EmblemHealth Insurance","53","Does EmblemHealth Cover Drug & Alcohol Rehab?","45","Using EmblemHealth for Rehab","28","index, follow, max-snippet:-1, max-image-preview:large, max-video-preview:-1","","","https://sunrisehouse.com/addiction-treatment-new-jersey/payment-options/insurance/emblem-health/","","","","","","302852","992","4.156","0","","39","36","0","43.370","195","68","0","15","10","0","","","","","21c1af3b2b8c910bb4e580499c564917","0.300","","","","","1.1","https://sunrisehouse.com/addiction-treatment-new-jersey/payment-options/insurance/emblem-health/","2022-09-04 07:21:22"
"https://sunrisehouse.com/addiction-treatment-new-jersey/payment-options/insurance/humana/","text/html; charset=utf-8","200","OK","Indexable","","Humana for Drug & Alcohol Rehab | Sunrise House Treatment Center","64","611","Humana plans are available in New Jersey and nearby areas. Find information on how to use your Humana plan to pay for rehab.","124","796","","0","Addiction Treatment in New Jersey Covered by Humana Insurance","61","Does Humana Cover Drug & Alcohol Rehab?","39","How to Use Humana to Cover Addiction Treatment at Sunrise House","63","index, follow, max-snippet:-1, max-image-preview:large, max-video-preview:-1","","","https://sunrisehouse.com/addiction-treatment-new-jersey/payment-options/insurance/humana/","","","","","","308054","1056","4.185","0","","40","37","0","44.580","196","67","0","15","10","0","","","","","9ee9cb84c954f8e461f86c5c98f3b561","0.325","","","","","1.1","https://sunrisehouse.com/addiction-treatment-new-jersey/payment-options/insurance/humana/","2022-09-04 07:21:22"
"https://sunrisehouse.com/addiction-treatment-new-jersey/payment-options/insurance","text/html","301","Moved Permanently","Non-Indexable","Redirected","","0","0","","0","0","","0","","0","","0","","0","","","","","","","","","","0","0","0.000","0","","2","2","0","2.410","0","0","0","0","0","0","","","","","","0.152","","https://sunrisehouse.com/addiction-treatment-new-jersey/payment-options/insurance/","HTTP Redirect","","1.1","https://sunrisehouse.com/addiction-treatment-new-jersey/payment-options/insurance","2022-09-04 07:21:22"
"https://sunrisehouse.com/addiction-treatment-new-jersey/payment-options/insurance/cigna/","text/html; charset=utf-8","200","OK","Indexable","","Addiction Rehab with Cigna Insurance | Sunrise House Treatment Center","69","645","","0","0","","0","Using Cigna Insurance to Cover Drug & Alcohol Rehab","51","Cigna Insurance Coverage for Substance Abuse Treatment","54","Using Cigna Insurance to Pay for Rehab","38","index, follow, max-snippet:-1, max-image-preview:large, max-video-preview:-1","","","https://sunrisehouse.com/addiction-treatment-new-jersey/payment-options/insurance/cigna/","","","","","","293574","881","4.038","0","","39","36","0","43.370","194","67","0","15","10","0","","","","","8cdc96b2b2f1bc60306d882cb80e1dfc","0.355","","","","","1.1","https://sunrisehouse.com/addiction-treatment-new-jersey/payment-options/insurance/cigna/","2022-09-04 07:21:22"
"https://sunrisehouse.com/addiction-treatment-new-jersey/payment-options","text/html","301","Moved Permanently","Non-Indexable","Redirected","","0","0","","0","0","","0","","0","","0","","0","","","","","","","","","","0","0","0.000","0","","1","1","0","1.200","0","0","0","0","0","0","","","","","","0.149","","https://sunrisehouse.com/addiction-treatment-new-jersey/payment-options/","HTTP Redirect","","1.1","https://sunrisehouse.com/addiction-treatment-new-jersey/payment-options","2022-09-04 07:21:22"
"https://sunrisehouse.com/addiction-treatment-new-jersey/payment-options/insurance/bcbs/","text/html; charset=utf-8","200","OK","Indexable","","BCBS for Drug & Alcohol Rehab | Sunrise House Treatment Center","62","584","Addiction treatments that may be covered by Blue Cross Blue Shield and what to expect when using health insurance to pay for rehab.","131","825","","0","Addiction Treatment Covered by Blue Cross Blue Shield","53","Does Blue Cross Blue Shield Cover Drug & Alcohol Rehab?","55","How to Use BCBS to Cover Substance Abuse Treatment","50","index, follow, max-snippet:-1, max-image-preview:large, max-video-preview:-1","","","https://sunrisehouse.com/addiction-treatment-new-jersey/payment-options/insurance/bcbs/","","","","","","305868","1300","4.713","0","","39","36","0","43.370","196","68","0","15","10","0","","","","","2fe27e956423bf9f6f419bedd804ed6c","0.347","","","","","1.1","https://sunrisehouse.com/addiction-treatment-new-jersey/payment-options/insurance/bcbs/","2022-09-04 07:21:22"
"https://sunrisehouse.com/addiction-treatment-new-jersey/payment-options/insurance/","text/html; charset=utf-8","200","OK","Indexable","","How to Use Insurance to Help Pay for Rehab | Sunrise House","58","536","Most health insurance plans are required to a co-pay for treatment services, such as behavioral interventions, inpatient services, & substance use disorder.","156","949","","0","How to Use Insurance to Help Pay for Rehab","42","Does Health Insurance Cover Addiction Treatment?","48","How to Use Insurance for Addiction Treatment","44","index, follow, max-snippet:-1, max-image-preview:large, max-video-preview:-1","","","https://sunrisehouse.com/addiction-treatment-new-jersey/payment-options/insurance/","","","","","","304519","1133","4.275","0","","821","83","0","100.000","184","60","0","17","12","0","","","","","f50351dfa6cf9df577e4c23de708a31d","0.285","","","","","1.1","https://sunrisehouse.com/addiction-treatment-new-jersey/payment-options/insurance/","2022-09-04 07:21:22"
"https://sunrisehouse.com/addiction-treatment-new-jersey/payment-options/","text/html; charset=utf-8","200","OK","Indexable","","Payment Options for Drug Abuse Programs in New Jersey","53","515","Worried about how to pay for drug abuse programs? We have options for everyone. Find out how we can help you! Help available 24/7 call now (973) 862-4820","153","980","","0","How to Pay for Addiction Rehab","30","Recovery is an Investment in the Future","39","Costs & Paying for Treatment","28","index, follow, max-snippet:-1, max-image-preview:large, max-video-preview:-1","","","https://sunrisehouse.com/addiction-treatment-new-jersey/payment-options/","","","","","","345595","687","3.058","0","","203","83","0","100.000","192","59","0","20","10","0","","","","","84d782ac25980b4608eb163f833aaa1e","0.335","","","","","1.1","https://sunrisehouse.com/addiction-treatment-new-jersey/payment-options/","2022-09-04 07:21:22"
"https://sunrisehouse.com/addiction-treatment-new-jersey/levels-of-care/medical-detox","text/html","301","Moved Permanently","Non-Indexable","Redirected","","0","0","","0","0","","0","","0","","0","","0","","","","","","","","","","0","0","0.000","0","","1","1","0","1.200","0","0","0","0","0","0","","","","","","0.293","","https://sunrisehouse.com/addiction-treatment-new-jersey/levels-of-care/medical-detox/","HTTP Redirect","","1.1","https://sunrisehouse.com/addiction-treatment-new-jersey/levels-of-care/medical-detox","2022-09-04 07:21:23"
"https://sunrisehouse.com/addiction-treatment-new-jersey/payment-options/insurance/aetna/","text/html; charset=utf-8","200","OK","Indexable","","Using Aetna for Drug & Alcohol Rehab | Sunrise House Treatment Center","69","643","","0","0","","0","Addiction Treatment in the Northeast Covered by Aetna Insurance","63","Does Aetna Cover Drug & Alcohol Rehab?","38","How to Use Aetna to Pay for Addiction Treatment at Sunrise House","64","index, follow, max-snippet:-1, max-image-preview:large, max-video-preview:-1","","","https://sunrisehouse.com/addiction-treatment-new-jersey/payment-options/insurance/aetna/","","","","","","381219","1202","3.594","0","","39","37","0","44.580","219","68","0","19","12","0","","","","","8df6229ef54148a92060a597fcc4b956","0.524","","","","","1.1","https://sunrisehouse.com/addiction-treatment-new-jersey/payment-options/insurance/aetna/","2022-09-04 07:21:22"
"https://sunrisehouse.com/addiction-treatment-new-jersey/levels-of-care/inpatient/","text/html; charset=utf-8","200","OK","Indexable","","Inpatient Addiction Treatment: What to Expect in Rehab | Sunrise House","70","639","Learn all about inpatient residential rehab and what this level of care entails at Sunrise House Treatment Center.","114","689","","0","Inpatient Rehab for Alcoholism & Drug Abuse","43","About The Inpatient Treatment Program at Sunrise House","54","How Does Inpatient Addiction Treatment Work?","44","index, follow, max-snippet:-1, max-image-preview:large, max-video-preview:-1","","","https://sunrisehouse.com/addiction-treatment-new-jersey/levels-of-care/inpatient/","","","","","","391636","1667","4.297","0","","261","83","0","100.000","219","67","0","17","10","0","","","","","1eb7dc088f02fdae581b6c8b0b8da1c7","0.294","","","","","1.1","https://sunrisehouse.com/addiction-treatment-new-jersey/levels-of-care/inpatient/","2022-09-04 07:21:23"
"https://sunrisehouse.com/addiction-treatment-new-jersey/levels-of-care/medical-detox/","text/html; charset=utf-8","200","OK","Indexable","","Medical Detox New Jersey | What to Expect | Sunrise House","57","530","Alcohol & Drug Detox, find out if the medical detox program at Sunrise House Treatment Center in New Jersey is right for you or your loved one.","143","878","","0","NJ Medical Drug & Alcohol Detox","31","New Jersey Medical Detox Program at Sunrise House","49","What Is Medical Detox for Drugs and Alcohol?","44","index, follow, max-snippet:-1, max-image-preview:large, max-video-preview:-1","","","https://sunrisehouse.com/addiction-treatment-new-jersey/levels-of-care/medical-detox/","","","","","","369013","1718","4.618","0","","257","83","0","100.000","215","69","0","17","10","0","","","","","226481ba3ad5c7017789cd88e9baa26f","0.519","","","","","1.1","https://sunrisehouse.com/addiction-treatment-new-jersey/levels-of-care/medical-detox/","2022-09-04 07:21:23"
"https://sunrisehouse.com/addiction-treatment-new-jersey/levels-of-care/","text/html; charset=utf-8","200","OK","Indexable","","Levels of Addiction Treatment & Rehab | New Jersey | Sunrise House","66","611","Not all treatment is equal. We fully assess each person's need to provide the right level of care. Get Help Today! Help available 24/7 for drug rehab & treatment programs call now (973) 862-4820.","195","1192","","0","Rehab Types Available at Sunrise House","38","Sunrise House Treatment Center","30","What Level of Addiction Treatment is Right for You?","51","index, follow, max-snippet:-1, max-image-preview:large, max-video-preview:-1","","","https://sunrisehouse.com/addiction-treatment-new-jersey/levels-of-care/","","","","","","429532","1258","3.352","0","","297","83","0","100.000","224","62","0","20","10","0","","","","","af6c3988d83b380b90ab28e340bdbde0","0.368","","","","","1.1","https://sunrisehouse.com/addiction-treatment-new-jersey/levels-of-care/","2022-09-04 07:21:23"
"https://sunrisehouse.com/addiction-treatment-new-jersey/history/","text/html; charset=utf-8","200","OK","Indexable","","Sunrise House: A True Sanctuary | Sunrise House","47","436","Many have walked the serene courtyards at Sunrise House and found peace with their addiction struggle. Learn of the story of this special place of healing.","155","953","","0","Sunrise House: A True Sanctuary","31","The History of Sunrise House","28","Continued Dedication to Healing","31","index, follow, max-snippet:-1, max-image-preview:large, max-video-preview:-1","","","https://sunrisehouse.com/addiction-treatment-new-jersey/history/","","","","","","378004","845","3.036","0","","172","83","0","100.000","220","71","0","17","10","0","","","","","751a04c7a5605d065a248a13e5d76a7e","0.304","","","","","1.1","https://sunrisehouse.com/addiction-treatment-new-jersey/history/","2022-09-04 07:21:23"
"https://sunrisehouse.com/addiction-treatment-new-jersey/facility/","text/html; charset=utf-8","200","OK","Indexable","","Photos & Virtual Tour of Sunrise House in NJ","44","398","Set in the beautiful landscape of Layfayette, New Jersey, Sunrise House provides many features and amentities to compliment your recovery.","138","868","","0","Look Inside Sunrise House - Inpatient Rehab Photos & Amenities","62","Facility Features & Amenities","29","Learn More about Sunrise House","30","index, follow, max-snippet:-1, max-image-preview:large, max-video-preview:-1","","","https://sunrisehouse.com/addiction-treatment-new-jersey/facility/","","","","","","445869","559","2.269","0","","292","83","0","100.000","189","57","0","21","11","0","","","","","b01e299151cecd1ab8a03cf9ca878842","0.446","","","","","1.1","https://sunrisehouse.com/addiction-treatment-new-jersey/facility/","2022-09-04 07:21:23"
"https://sunrisehouse.com/addiction-treatment-new-jersey/aftercare/","text/html; charset=utf-8","200","OK","Indexable","","What Happens After Rehab? Treatment Aftercare & Alumni Programs","63","618","Our purpose and passion is to empower the individual, family, and community through promotion of optimal wellness of the mind, body, and spirit. Help available 24/7 for drug rehab & treatment programs call now (973) 862-4820","224","1408","","0","Aftercare & Alumni Program","26","What Happens After Rehab?","25","Our Alumni Program","18","index, follow, max-snippet:-1, max-image-preview:large, max-video-preview:-1","","","https://sunrisehouse.com/addiction-treatment-new-jersey/aftercare/","","","","","","292111","679","3.562","0","","371","83","0","100.000","193","61","0","17","12","0","","","","","c9f8d6892e713993f04072f4f394a210","0.319","","","","","1.1","https://sunrisehouse.com/addiction-treatment-new-jersey/aftercare/","2022-09-04 07:21:23"
"https://sunrisehouse.com/addiction-treatment-new-jersey/aftercare/sober-living/","text/html; charset=utf-8","200","OK","Indexable","","Coming Soon - Sober Living in Franklin | Sunrise House","54","486","After finishing treatment, you may not be ready to return to your day-to-day life. Resolutions Franklin, a sober living facility, may be the best next step.","156","918","","0","Coming Soon – Sober Living in Franklin","38","Our Resolutions Franklin Sober Living facility is not open yet. We will be opening soon. We are getting everything ready to best serve you. We have other options in our network and are happy to recommend sober living communities across the country. Please talk to your counselors to help include sober living as part of your aftercare plan.","340","Is Sober Living Right for Me?","29","index, follow, max-snippet:-1, max-image-preview:large, max-video-preview:-1","","","https://sunrisehouse.com/addiction-treatment-new-jersey/aftercare/sober-living/","","","","","","264830","969","4.594","0","","5","4","0","4.820","198","58","0","15","10","0","","","","","3052d78b466c41d73304ca4ee7a04aa6","0.443","","","","","1.1","https://sunrisehouse.com/addiction-treatment-new-jersey/aftercare/sober-living/","2022-09-04 07:21:23"
"https://sunrisehouse.com/addiction-treatment-new-jersey/after-rehab/","text/html; charset=utf-8","200","OK","Indexable","","After Rehab | Sunrise House","27","250","You can expect quality addiction treatment and aftercare from Sunrise House Treatment Center in New Jersey. See what we offer here.","131","830","","0","After Rehab","11","Aftercare","9","Alumni Program","14","index, follow, max-snippet:-1, max-image-preview:large, max-video-preview:-1","","","https://sunrisehouse.com/addiction-treatment-new-jersey/after-rehab/","","","","","","359807","287","2.274","0","","260","83","0","100.000","185","57","0","17","10","0","","","","","56ed0826b1b239d1beeae6e46884a03","0.350","","","","","1.1","https://sunrisehouse.com/addiction-treatment-new-jersey/after-rehab/","2022-09-04 07:21:23"
"https://sunrisehouse.com/addiction-treatment-new-jersey/admissions/phone-electronics-policy/","text/html; charset=utf-8","200","OK","Indexable","","Sunrise House Cell Phone & Electronics Policy | Sunrise House","61","552","At Sunrise House, cell phones and electronics are allowed with some restrictions during treatment. Our policy lays out all the details.","135","809","","0","Sunrise House Cell Phone & Electronics Policy","45","","0","","0","index, follow, max-snippet:-1, max-image-preview:large, max-video-preview:-1","","","https://sunrisehouse.com/addiction-treatment-new-jersey/admissions/phone-electronics-policy/","","","","","","274198","573","3.591","0","","6","6","0","7.230","196","58","0","15","10","0","","","","","e4ca94d66b16f5e77049d3d843bbbd81","0.402","","","","","1.1","https://sunrisehouse.com/addiction-treatment-new-jersey/admissions/phone-electronics-policy/","2022-09-04 07:21:23"
"https://sunrisehouse.com/addiction-treatment-new-jersey/admissions/patients/","text/html; charset=utf-8","200","OK","Indexable","","What to Expect When You Arrive at Rehab | Sunrise House","55","516","Learn how to get to here, what your first 24 hours is like, what to and not to bring, and what a typical day looks like.","120","707","","0","What to Expect at Rehab","23","Getting to Sunrise House","24","Your First 24 Hours in Recovery Treatment","41","index, follow, max-snippet:-1, max-image-preview:large, max-video-preview:-1","","","https://sunrisehouse.com/addiction-treatment-new-jersey/admissions/patients/","","","","","","280788","749","3.899","0","","255","83","0","100.000","197","58","0","15","10","0","","","","","dd189461e1393d924c0d2134583abda8","0.277","","","","","1.1","https://sunrisehouse.com/addiction-treatment-new-jersey/admissions/patients/","2022-09-04 07:21:24"
"https://sunrisehouse.com/addiction-treatment-new-jersey/admissions","text/html","301","Moved Permanently","Non-Indexable","Redirected","","0","0","","0","0","","0","","0","","0","","0","","","","","","","","","","0","0","0.000","0","","1","1","0","1.200","0","0","0","0","0","0","","","","","","0.156","","https://sunrisehouse.com/addiction-treatment-new-jersey/admissions/","HTTP Redirect","","1.1","https://sunrisehouse.com/addiction-treatment-new-jersey/admissions","2022-09-04 07:21:24"
"https://sunrisehouse.com/addiction-treatment-new-jersey/admissions/families/after-rehab/","text/html; charset=utf-8","200","OK","Indexable","","Returning Home After Rehab | Sunrise House","42","400","Know what todo when your loved on comes home from rehab. Click for information on caring for something in recovery and how you can make the process easier.","155","999","","0","Returning Home After Rehab","26","Local Sober Living Homes","24","How to Support Someone in Recovery","34","index, follow, max-snippet:-1, max-image-preview:large, max-video-preview:-1","","","https://sunrisehouse.com/addiction-treatment-new-jersey/admissions/families/after-rehab/","","","","","","266325","791","4.160","0","","171","83","0","100.000","188","58","0","15","10","0","","","","","9c01d478bd3ae6ab221464fdf7e4657c","0.253","","","","","1.1","https://sunrisehouse.com/addiction-treatment-new-jersey/admissions/families/after-rehab/","2022-09-04 07:21:24"
"https://sunrisehouse.com/addiction-treatment-new-jersey/admissions/faq/","text/html; charset=utf-8","200","OK","Indexable","","Frequently Asked Questions (FAQ) | Sunrise House","48","450","Answers to commonly asked questions regarding getting started in the treatment and recovery process. Info on confidentiality, insurance, the duration and more.","159","994","","0","Sunrise House Frequently Asked Questions","40","If I have general questions, should I contact admissions or another department?","79","Who is on the other end of the phone number listed on the website?","66","index, follow, max-snippet:-1, max-image-preview:large, max-video-preview:-1","","","https://sunrisehouse.com/addiction-treatment-new-jersey/admissions/faq/","","","","","","322730","1987","5.673","0","","251","83","0","100.000","205","59","0","19","14","0","","","","","d2ff6e1bc27280f91bfaaf9c9e7b0c5c","0.287","","","","","1.1","https://sunrisehouse.com/addiction-treatment-new-jersey/admissions/faq/","2022-09-04 07:21:24"
"https://sunrisehouse.com/addiction-treatment-new-jersey/admissions/","text/html; charset=utf-8","200","OK","Indexable","","Drug & Alcohol Rehab Admission Process | Sunrise House Treatment Center","71","676","Click to take 3 easy steps at Sunrise House to change your life. Call (888)513-3954 to verify your benefits and select a treatment program specialized to you.","158","960","","0","Get Admitted to Drug & Alcohol Rehab","36","Our Admissions Process","22","Instantly Check Your Insurance Coverage","39","index, follow, max-snippet:-1, max-image-preview:large, max-video-preview:-1","","","https://sunrisehouse.com/addiction-treatment-new-jersey/admissions/","","","","","","339824","791","3.281","0","","466","83","0","100.000","187","61","0","17","10","0","","","","","f770887f701ce5a86ec9157c4cbb465a","0.251","","","","","1.1","https://sunrisehouse.com/addiction-treatment-new-jersey/admissions/","2022-09-04 07:21:24"
"https://sunrisehouse.com/addiction-treatment-new-jersey/admissions/families/","text/html; charset=utf-8","200","OK","Indexable","","What to Know When Your Loved One Is at Sunrise House","52","504","Info on everything you need while your loved one is at Sunrise House. Answers to commonly asked questions like what they will be doing, how you can contact them, etc.","166","1036","","0","What to Know When Your Loved One Is at Sunrise House","52","What Will My Loved One Be Doing in Treatment?","45","Can I Talk to Him or Her?","25","index, follow, max-snippet:-1, max-image-preview:large, max-video-preview:-1","","","https://sunrisehouse.com/addiction-treatment-new-jersey/admissions/families/","","","","","","286578","800","3.856","0","","255","83","0","100.000","198","57","0","15","10","0","","","","","9972ded1d0e7e2417cc9d5aeeef95d9","0.406","","","","","1.1","https://sunrisehouse.com/addiction-treatment-new-jersey/admissions/families/","2022-09-04 07:21:24"
"https://sunrisehouse.com/addiction-treatment-new-jersey/60-day-rehab/","text/html; charset=utf-8","200","OK","Indexable","","60–90 Day Drug & Alcohol Rehab in New Jersey | Sunrise House","60","565","Learn more about long-term treatment, what to expect, the admissions process, and how to pay for 60- to 90-day rehab.","117","740","","0","60–90 Day Drug & Alcohol Rehab in New Jersey","44","How Does a 60+ Day Rehab Program Work?","38","Does Insurance Cover 60+ Days of Drug & Alcohol Rehab?","54","index, follow, max-snippet:-1, max-image-preview:large, max-video-preview:-1","","","https://sunrisehouse.com/addiction-treatment-new-jersey/60-day-rehab/","","","","","","430186","1522","3.757","0","","14","12","0","14.460","233","75","0","17","10","0","","","","","25fb874f8466d5ad96aa8aaf97d6b6f2","0.380","","","","","1.1","https://sunrisehouse.com/addiction-treatment-new-jersey/60-day-rehab/","2022-09-04 07:21:24"
"https://sunrisehouse.com/addiction-treatment-new-jersey/30-day-rehab/","text/html; charset=utf-8","200","OK","Indexable","","30-Day Drug & Alcohol Rehab in New Jersey | Sunrise House","57","531","Learn more about 30-day rehab, what to expect after treatment, the admissions process, and how to pay for inpatient addiction care.","131","820","","0","30-Day Addiction Treatment","26","What Is a 30-Day Addiction Treatment Program?","45","Does Health Insurance Cover 30 Days of Rehab in New Jersey?","59","index, follow, max-snippet:-1, max-image-preview:large, max-video-preview:-1","","","https://sunrisehouse.com/addiction-treatment-new-jersey/30-day-rehab/","","","","","","408938","1422","3.756","0","","15","12","0","14.460","235","72","0","17","10","0","","","","","69eb108baab294c2f90eef1457321f46","0.326","","","","","1.1","https://sunrisehouse.com/addiction-treatment-new-jersey/30-day-rehab/","2022-09-04 07:21:24"
"https://sunrisehouse.com/addiction-treatment-new-jersey/","text/html; charset=utf-8","200","OK","Indexable","","New Jersey Addiction Treatment Program Overview | Sunrise House","63","608","Sunrise House in New Jersey uses a client-focused approach to treating your substance use disorders. Learn more about our treatments and therapies.","147","933","","0","Addiction Rehab Options Available","33","Our Addiction Treatments & Therapies","36","What to Expect at Sunrise House","31","index, follow, max-snippet:-1, max-image-preview:large, max-video-preview:-1","","","https://sunrisehouse.com/addiction-treatment-new-jersey/","","","","","","496912","706","2.251","0","","503","83","0","100.000","195","60","0","20","10","0","","","","","15f7174995a68522165d27f42b11ead3","0.365","","","","","1.1","https://sunrisehouse.com/addiction-treatment-new-jersey/","2022-09-04 07:21:24"
"https://sunrisehouse.com/addiction-resources-center/","text/html; charset=utf-8","200","OK","Indexable","","Resource Center | Sunrise House","31","292","Information Guides for Individuals and Families Struggling with Addiction or Co-Occurring Mental Health Disorders. Reach out to us day or night.","144","889","","0","Addiction Info & Support Resources","34","Popular Pages","13","","0","index, follow, max-snippet:-1, max-image-preview:large, max-video-preview:-1","","","https://sunrisehouse.com/addiction-resources-center/","","","","","","362644","413","2.477","0","","258","83","0","100.000","215","67","0","20","10","0","","","","","730e0aec586c665db7ecf54fb77ed4f5","0.322","","","","","1.1","https://sunrisehouse.com/addiction-resources-center/","2022-09-04 07:21:24"
"https://sunrisehouse.com/about/editorial-policy","text/html","301","Moved Permanently","Non-Indexable","Redirected","","0","0","","0","0","","0","","0","","0","","0","","","","","","","","","","0","0","0.000","0","","38","38","0","45.780","0","0","0","0","0","0","","","","","","0.125","","https://sunrisehouse.com/about/editorial-policy/","HTTP Redirect","","1.1","https://sunrisehouse.com/about/editorial-policy","2022-09-04 07:21:25"
"https://sunrisehouse.com/about/reviews-and-testimonials/","text/html; charset=utf-8","200","OK","Indexable","","Review & Testimonials for Sunrise House New Jersey | SH","55","516","See why more people choose to start their recovery at our inpatient alcohol and drug rehab facility servicing New Jersey today!","127","778","","0","Reviews & Testimonials","22","Sunrise House Reviews","21","Video Testimonials","18","index, follow, max-snippet:-1, max-image-preview:large, max-video-preview:-1","","","https://sunrisehouse.com/about/reviews-and-testimonials/","","","","","","288221","397","2.966","0","","370","83","0","100.000","180","57","0","17","10","0","","","","","1d91b8facc42791bfd755fb0d62b6412","0.243","","","","","1.1","https://sunrisehouse.com/about/reviews-and-testimonials/","2022-09-04 07:21:25"
"https://sunrisehouse.com/about/memberships-accreditation/","text/html; charset=utf-8","200","OK","Indexable","","Our Achievements and Accreditations | Sunrise House","51","481","Find out more about Sunrise House's commitment to quality behavioral health care by learning about our achievements, accreditations, and more.","142","898","","0","Our Achievements and Accreditations","35","BBB A+ Rating","13","Compliancy Group HIPAA Seal","27","index, follow, max-snippet:-1, max-image-preview:large, max-video-preview:-1","","","https://sunrisehouse.com/about/memberships-accreditation/","","","","","","279445","632","3.709","0","","282","83","0","100.000","196","57","0","19","13","0","","","","","ce31abbb3634cd8bc888a4dae136b376","0.268","","","","","1.1","https://sunrisehouse.com/about/memberships-accreditation/","2022-09-04 07:21:25"
"https://sunrisehouse.com/about/events-and-media/","text/html; charset=utf-8","200","OK","Indexable","","Events & Media for Sunrise House Treatment Center | Sunrise House","65","610","Information on what is going on at Sunrise House. Click to see the different media and events relating to whats happening at Sunrise House treatment center.","156","969","","0","Events & Media for Sunrise House Treatment Center","49","Addiction Talk – Facebook Live Show","35","Events","6","index, follow, max-snippet:-1, max-image-preview:large, max-video-preview:-1","","","https://sunrisehouse.com/about/events-and-media/","","","","","","286866","253","2.716","0","","173","83","0","100.000","196","57","0","17","11","0","","","","","6be71c3ca3293be14b69f31791988a4d","0.339","","","","","1.1","https://sunrisehouse.com/about/events-and-media/","2022-09-04 07:21:25"
"https://sunrisehouse.com/about/compare-rehab-facilities/","text/html; charset=utf-8","200","OK","Indexable","","Compare Sunrise House with AAC’s Other Facilities","49","457","Compare Sunrise House and other AAC facilities to find a treatment center with the services and amenities that are most important to you.","137","851","","0","Compare Programs at Our Facilities","34","Discover the Right Facility and Treatment for You","49","","0","index, follow, max-snippet:-1, max-image-preview:large, max-video-preview:-1","","","https://sunrisehouse.com/about/compare-rehab-facilities/","","","","","","427575","431","2.133","0","","175","83","0","100.000","181","57","0","17","10","0","","","","","c0da46630e6fd9d0bd4dd513d46dfcf8","0.291","","","","","1.1","https://sunrisehouse.com/about/compare-rehab-facilities/","2022-09-04 07:21:25"
"https://sunrisehouse.com/about/careers-at-sunrise-house/","text/html; charset=utf-8","200","OK","Non-Indexable","noindex","Careers at Sunrise House | Sunrise House","40","371","","0","0","","0","Careers at Sunrise House & American Addiction Centers","53","Join Our Team","13","Empowering Our Patients","23","noindex, nofollow","","","","","","","","","327593","765","3.394","0","","334","83","0","100.000","185","58","0","19","12","0","","","","","50520dfdef7361b641d0fcab67fa1d1d","0.311","","","","","1.1","https://sunrisehouse.com/about/careers-at-sunrise-house/","2022-09-04 07:21:25"
"https://sunrisehouse.com/about/10-reasons-to-choose-us/","text/html; charset=utf-8","200","OK","Indexable","","10 Reasons to Choose Us for Your Recovery | Sunrise House","57","532","Sunrise House is an addiction treatment center in Sussex County, New Jersey. See our top 10 list if you're looking for a place to trust with your recovery.","155","930","","0","Reasons to Choose Sunrise House Treatment Center","48","Why Should You Choose Us for Your Care?","39","Instantly Check Your Insurance Coverage","39","index, follow, max-snippet:-1, max-image-preview:large, max-video-preview:-1","","","https://sunrisehouse.com/about/10-reasons-to-choose-us/","","","","","","324573","985","3.809","0","","182","83","0","100.000","191","58","0","17","10","0","","","","","8d06e8661c2fc4190f0a2073bba3a90d","0.447","","","","","1.1","https://sunrisehouse.com/about/10-reasons-to-choose-us/","2022-09-04 07:21:25"
"https://sunrisehouse.com/about/","text/html; charset=utf-8","200","OK","Indexable","","About Sunrise House Addiction Treatment Facility in New Jersey","62","574","Sunrise House is a comprehensive residential addiction treatment facility offering many levels of care for adults suffering from addiction. Located amid 22 acres in the serene mountains of Sussex County, New Jersey.","215","1328","","0","About Us","8","About Sunrise House Treatment Center","36","Care Designed Exclusively for You","33","index, follow, max-snippet:-1, max-image-preview:large, max-video-preview:-1","","","https://sunrisehouse.com/about/","","","","","","287962","653","3.628","0","","444","83","0","100.000","203","58","0","20","10","0","","","","","1102bf86fd198132011be5040fec20e0","0.376","","","","","1.1","https://sunrisehouse.com/about/","2022-09-04 07:21:25"
"https://sunrisehouse.com/","text/html; charset=utf-8","200","OK","Indexable","","Detox, Alcohol & Drug Rehab, & Sober Living in New Jersey | Sunrise House","73","662","Quality, effective state of the art addiction treatment center located in the New Jersey area. Help available 24/7 for drug rehab & treatment programs call now (973) 862-4820.","175","1075","","0","Alcohol & Drug Rehab in New Jersey","34","Experience the Sunrise House Difference","39","We Offer Flexible Treatment Programs","36","index, follow, max-snippet:-1, max-image-preview:large, max-video-preview:-1","","","https://sunrisehouse.com/","","","","","","292144","706","3.760","0","","176","83","0","100.000","200","61","0","20","10","0","","","","","2452c2064470cdc3f44a93465c39e923","0.239","","","","","1.1","https://sunrisehouse.com/","2022-09-04 07:21:25"
"https://sunrisehouse.com/addiction-blog/","text/html; charset=utf-8","200","OK","Indexable","","Addiction Resource Blog | Sunrise House Treatment Center","56","525","Click here for informative blog posts on anything relating to addiction. Articles on the best gifts for people in recovery to the most common drug in each U.S. city.","165","985","","0","Addiction Blog: Find Help and Resources","39","Learn about how addiction impacts the community, what our team is doing, and about how you or your loved one can get help starting recovery.","140","","0","index, follow, max-snippet:-1, max-image-preview:large, max-video-preview:-1","","","https://sunrisehouse.com/addiction-blog/","","","","","","650817","378","1.305","0","","168","83","0","100.000","241","90","0","15","10","0","","","","","14e6d45c303b99c9a4acffbd7498484e","1.198","","","","","1.1","https://sunrisehouse.com/addiction-blog/","2022-09-04 07:21:24"
